#{"t_start": 1701671055.6386588, "env_id": "None"}
r,l,t
-883.0,94,0.046962
-713.0,93,0.084959
-773.5,90,0.119964
-775.0,95,0.158038
37.5,27,0.168995
-980.0,100,0.208989
-689.0,83,0.24396
-336.0,67,0.270983
-101.0,51,0.29298
-917.5,96,0.33196
-936.0,96,0.371972
-940.0,100,0.412004
-569.5,85,0.445964
-527.0,81,0.476998
-816.5,95,0.512983
-599.0,76,0.541996
-395.0,69,0.569042
-717.0,96,0.604961
-288.0,63,0.632981
-736.0,96,0.669995
-693.0,90,0.706032
-759.0,96,0.742016
-434.5,71,0.768995
-352.0,62,0.792
-795.5,88,2.233959
-855.5,94,2.271965
-899.0,99,2.312979
-380.0,75,2.343962
-814.0,94,2.378962
-440.5,72,2.406961
-241.5,57,2.430961
-262.5,52,2.452986
-676.5,89,2.488978
-898.5,97,2.526992
-887.5,100,2.569053
-746.0,85,2.600994
-879.0,95,2.638017
-607.5,84,2.671004
-919.0,99,2.709045
-382.0,71,2.735984
-502.5,76,2.764961
-860.5,93,2.800014
-746.5,85,2.833052
-757.0,97,2.868978
-706.0,85,2.901994
-629.0,77,2.931959
-425.0,75,2.959964
-842.5,95,2.997041
-695.5,94,4.270096
-875.0,92,4.309119
-997.5,97,4.352132
-17.0,48,4.37213
-898.5,97,4.412096
-875.0,95,4.449096
-880.0,100,4.488118
-754.0,90,4.523096
-569.5,80,4.554134
-692.5,89,4.58912
-133.5,62,4.61716
-394.0,65,4.643098
-38.0,49,4.663119
-757.0,95,4.699125
-772.0,89,4.734098
-875.0,93,4.770196
-712.5,91,4.80614
-602.5,81,4.837145
-615.5,87,4.872103
-747.5,84,4.904095
-1037.0,97,4.943095
-759.0,99,4.983097
-860.5,99,5.024102
-331.0,58,5.050116
-696.5,88,5.086111
-788.5,86,6.460096
-779.0,90,6.500124
-445.0,74,6.532097
-109.5,40,6.550118
-480.5,76,6.584123
-440.5,76,6.6171
-587.0,85,6.657096
-696.5,94,6.700115
-815.0,95,6.741113
-853.0,93,6.783098
-659.0,87,6.822131
-737.5,96,6.863098
-793.5,91,6.900116
-560.5,74,6.930098
-1019.5,99,6.971107
-697.5,90,7.007105
-146.0,56,7.028129
-55.5,42,7.046096
-562.0,78,7.089097
-779.5,99,7.133099
-355.0,70,7.163097
-751.0,88,7.201095
-179.0,52,7.223095
-716.0,95,7.263096
-918.5,95,7.304094
-850.5,89,8.605098
-382.0,75,8.636113
-815.5,95,8.674124
-604.0,75,8.703174
-875.0,92,8.744115
-896.0,96,8.782131
-855.0,95,8.825119
-265.5,57,8.851113
-886.5,99,8.893103
-136.5,51,8.914099
-749.5,86,8.959097
-729.0,89,9.000097
-676.5,91,9.040108
-387.5,76,9.073094
-855.0,95,9.119095
-583.5,77,9.154098
-656.0,88,9.193116
-735.0,93,9.233114
-958.0,98,9.273095
-269.5,63,9.300095
-414.0,65,9.327095
-667.0,86,9.363095
-794.0,89,9.398117
-419.5,75,9.429096
-759.0,97,9.469115
-403.5,76,10.75811
-420.5,75,10.790114
-897.0,97,10.829095
-778.5,97,10.868116
-876.0,96,10.906137
-160.0,49,10.932096
-750.0,89,10.975098
-762.0,94,11.016175
-818.5,97,11.055154
-698.0,89,11.092117
-906.0,97,11.137133
-782.0,93,11.180123
-248.0,62,11.206117
-770.5,89,11.242116
-49.0,39,11.258114
-879.5,98,11.298095
-396.5,71,11.328136
-156.0,51,11.349098
-30.5,43,11.367096
-725.0,96,11.405127
-957.0,97,11.444097
-380.0,73,11.474129
-461.0,73,11.504153
-919.5,99,11.542135
-920.5,99,11.581095
-299.0,74,12.938121
-519.0,78,12.974123
-770.5,87,13.01312
-455.0,74,13.044138
-939.0,98,13.086114
-468.0,79,13.120116
-834.0,94,13.159131
-166.0,57,13.183114
-688.0,85,13.218113
-237.5,53,13.240118
-137.5,49,13.259097
-632.5,90,13.298095
-263.5,53,13.322114
-751.0,88,13.359099
-414.0,67,13.387098
-813.0,93,13.424132
-293.5,66,13.451124
-739.5,92,13.488131
-941.5,100,13.527143
-671.0,89,13.563098
-878.0,98,13.603096
-877.0,97,13.642095
-653.5,90,13.678117
-523.0,82,13.711097
-739.0,99,13.752106
-662.5,82,15.066114
-896.5,96,15.108129
-459.5,72,15.138113
-894.5,93,15.176115
-250.0,67,15.203097
-693.0,85,15.238113
-336.0,67,15.265129
-658.0,89,15.303095
-880.0,100,15.343096
-733.5,93,15.379097
-731.0,90,15.415096
-733.5,90,15.450116
-460.5,78,15.482121
-566.5,84,15.518095
-605.5,81,15.554125
-1007.5,100,15.593109
-500.0,77,15.623095
-416.5,72,15.652096
-625.5,81,15.68612
-207.0,59,15.715096
-816.0,93,15.764096
-788.5,84,15.800095
-545.0,82,15.834094
-778.0,98,15.874095
-31.5,41,15.891095
-807.5,86,17.327095
-678.0,90,17.367095
-778.0,98,17.409116
-543.5,75,17.442114
-814.5,91,17.479124
-484.5,80,17.511098
-766.0,85,17.546099
-811.5,89,17.583096
-675.0,85,17.618122
-527.5,83,17.651095
-469.0,79,17.682129
-499.5,78,17.715094
-711.0,88,17.753194
-652.5,91,17.789115
-692.5,91,17.82512
-706.5,84,17.860112
-958.0,98,17.903102
-757.5,97,17.941097
-452.5,82,17.972192
-794.5,92,18.010132
-289.5,65,18.035098
-731.5,87,18.069096
-415.0,69,18.096096
-991.5,89,18.13212
-898.5,96,19.380187
-393.5,63,19.406132
-735.0,92,19.442143
-851.0,89,19.475094
-668.5,87,19.50813
-244.0,58,19.530133
-837.0,97,19.568132
-471.0,79,19.599097
-461.0,78,19.629103
-775.0,95,19.665097
-651.0,88,19.69813
-979.0,99,19.735114
-566.5,82,19.767097
-460.0,72,19.7951
-657.5,89,19.831095
-762.5,95,19.874098
-836.0,95,19.912168
-602.0,81,19.944429
-607.0,84,19.977861
-436.0,73,20.006917
-648.0,86,20.040892
-846.5,99,20.077874
-707.5,85,20.110905
-915.0,95,20.147891
-565.5,83,21.432919
-819.0,90,21.468941
-794.5,93,21.505859
-916.0,96,21.543859
-690.5,90,21.579894
-780.5,93,21.615913
-651.0,86,21.649907
-632.5,88,21.684855
-887.5,99,21.723854
-222.0,57,21.744855
-960.0,92,21.780878
-754.5,93,21.816875
-71.0,40,21.832876
-223.5,60,21.855889
-562.0,81,21.886901
-869.0,88,21.921902
-601.5,78,21.951891
-999.5,99,21.992886
-722.5,93,22.031889
-478.5,72,22.061875
-862.5,94,22.099909
-141.5,55,22.12089
-788.5,85,22.154855
-750.5,90,22.189919
-816.5,95,23.426867
-588.0,88,23.462903
-1007.5,99,23.500891
-826.5,99,23.538939
-878.5,97,23.574947
-978.0,98,23.612919
-718.0,87,23.646892
-331.0,70,23.674853
-673.5,86,23.708889
-935.5,91,23.744874
-377.0,72,23.772891
-735.0,95,23.808888
-756.5,88,23.84194
-1020.0,100,23.880854
-735.5,85,23.913871
-775.0,94,23.951888
-526.0,78,23.983895
-552.0,81,24.016854
-649.5,89,24.053952
-582.5,78,24.086873
-297.0,74,24.115877
-4.5,34,24.129874
-588.0,86,24.163857
-959.0,99,24.202894
-798.5,97,25.424935
-837.0,97,25.464854
-339.0,78,25.495888
-428.0,64,25.521888
-838.0,98,25.56192
-163.5,53,25.58389
-900.0,100,25.621892
-706.0,83,25.654855
-483.0,72,25.68191
-790.0,90,25.715855
-712.5,90,25.750856
-36.0,44,25.767855
-895.5,93,25.803875
-867.5,87,25.840875
-897.0,97,25.880918
-896.5,95,25.920876
-738.0,90,25.958897
-879.5,98,25.997892
-819.5,98,26.035859
-935.5,94,26.074857
-866.5,98,26.111889
-744.5,84,26.144855
-917.5,97,26.18189
-1038.0,97,26.219892
-774.0,93,27.470911
-825.5,98,27.51589
-1018.0,98,27.555854
-661.5,80,27.589852
-185.0,57,27.612853
-484.0,79,27.646857
-274.5,61,27.671888
-797.0,97,27.711859
-332.0,64,27.738873
-770.5,89,27.775854
-588.0,83,27.808859
-736.5,93,27.845886
-636.0,86,27.880854
-853.5,92,27.9189
-913.5,92,27.954871
-647.0,78,27.984863
-757.0,97,28.022922
-354.5,68,28.048947
-876.0,96,28.087886
-904.5,97,28.126877
-886.5,98,28.165874
-715.0,91,28.199887
-418.5,73,28.228884
-441.0,75,28.258873
-627.5,85,29.490882
-583.5,81,29.522896
-454.5,73,29.550894
-514.5,70,29.578853
-813.5,93,29.615891
-450.5,69,29.641894
-530.0,82,29.673857
-838.0,98,29.711922
-1028.5,100,29.750954
-673.5,92,29.786856
-733.0,91,29.821889
-856.5,96,29.860876
-957.0,96,29.897853
-721.5,94,29.932894
-817.5,96,29.969859
-696.0,93,30.005888
-343.5,69,30.031933
-162.0,50,30.049894
-671.0,89,30.0839
-917.5,96,30.120879
-857.5,96,30.158966
-100.5,52,30.179883
-712.0,88,30.214855
-331.5,65,30.239886
-384.5,80,31.484856
-732.5,87,31.522899
-686.5,85,31.5599
-798.0,98,31.597891
-939.5,98,31.636893
-791.5,88,31.671942
-689.5,88,31.707854
-604.5,82,31.740893
-918.0,98,31.787891
-433.5,68,31.817891
-460.5,79,31.84989
-811.0,88,31.883957
-877.0,97,31.921946
-476.0,73,31.949891
-496.0,73,31.977892
-372.5,68,32.004853
-834.5,94,32.041888
-876.0,94,32.080873
-606.5,85,32.114854
-209.0,58,32.137878
-611.5,81,32.167893
-646.0,86,32.200905
-878.0,98,32.238858
-876.5,94,32.27387
-749.0,84,33.496876
-482.0,79,33.529894
-386.0,82,33.561889
-568.0,84,33.594876
-566.5,84,33.627857
-748.5,86,33.661876
-374.0,69,33.687878
-958.5,97,33.72688
-653.0,91,33.762876
-228.5,64,33.788876
-222.0,57,33.81097
-228.5,59,33.834863
-999.5,99,33.872905
-437.5,73,33.900877
-1000.0,100,33.940888
-916.5,95,33.984856
-426.0,80,34.017874
-857.0,88,34.051894
-474.5,68,34.078006
-613.0,88,34.111889
-706.5,85,34.145873
-864.0,94,34.181873
-758.0,96,34.220886
-400.5,76,34.248856
-394.5,74,34.27691
-379.5,75,35.535853
-792.5,89,35.57192
-735.5,86,35.605856
-882.5,95,35.642901
-753.5,93,35.678873
-618.5,72,35.706857
-351.5,67,35.733853
-458.0,74,35.76191
-837.0,96,35.800854
-244.5,50,35.821874
-305.5,60,35.845856
-713.5,91,35.879856
-582.5,81,35.910944
-898.5,97,35.950855
-975.5,94,36.000878
-879.0,91,36.041858
-352.5,62,36.066951
-446.0,74,36.097892
-443.5,80,36.131853
-709.5,87,36.1709
-629.0,85,36.205856
-939.0,99,36.243902
-169.5,59,36.26587
-814.0,90,36.299856
-647.0,81,36.33288
-643.5,77,37.558872
-965.5,98,37.599854
-590.5,89,37.643855
-627.0,85,37.683854
-943.5,96,37.733854
-718.5,91,37.780853
-801.5,100,37.830853
-750.0,85,37.865896
-290.5,66,37.892852
-858.0,98,37.933892
-520.5,77,37.965858
-668.5,85,37.998884
-143.5,57,38.020894
-712.5,88,38.053858
-707.5,85,38.087891
-818.0,98,38.126893
-709.0,87,38.159859
-794.0,89,38.193881
-226.5,56,38.214854
-458.0,75,38.244856
-441.0,76,38.274857
-817.0,97,38.315946
-957.0,96,38.356891
-1047.5,99,38.397859
-937.0,96,39.720854
-875.0,94,39.767873
-792.0,91,39.806878
-533.0,82,39.839853
-859.5,96,39.876877
-519.0,71,39.903888
-662.0,81,39.93589
-838.0,95,39.97288
-741.5,93,40.008883
-737.0,97,40.045873
-540.0,77,40.075875
-918.5,97,40.113876
-923.5,96,40.151854
-1000.0,100,40.189894
-518.5,77,40.220877
-545.0,80,40.251874
-611.0,85,40.284856
-608.5,84,40.319875
-964.5,97,40.357906
-997.0,97,40.395893
-646.0,84,40.428892
-329.0,65,40.453853
-939.0,99,40.492929
-275.5,67,40.518853
-817.5,94,41.737872
-939.0,99,41.777952
-307.0,62,41.804867
-1017.5,97,41.843901
-964.5,97,41.880899
-832.5,92,41.916925
-463.0,79,41.947856
-713.5,82,41.979893
-483.0,74,42.009876
-895.0,94,42.04694
-637.5,93,42.082899
-1017.0,97,42.120892
-734.5,94,42.156902
-799.5,98,42.195856
-877.5,94,42.232888
-818.0,97,42.271887
-736.5,94,42.307858
-573.0,84,42.339891
-834.5,91,42.373896
-604.5,83,42.405871
-672.0,82,42.437856
-877.5,96,42.475879
-565.0,78,42.506884
-707.0,98,43.757873
-540.0,75,43.789878
-940.0,100,43.832875
-820.0,91,43.867893
-416.0,70,43.894858
-979.5,99,43.933875
-813.0,91,43.968877
-305.5,59,43.991879
-430.0,67,44.018876
-470.5,79,44.049855
-996.0,95,44.086879
-918.5,98,44.124856
-145.5,55,44.145853
-643.5,82,44.177872
-714.0,86,44.210875
-873.5,91,44.246948
-668.0,83,44.279889
-836.5,96,44.316876
-734.5,86,44.349878
-832.0,92,44.385889
-330.5,63,44.40889
-996.0,96,44.445857
-91.5,40,44.460909
-438.5,73,44.488857
-800.0,100,45.732873
-917.0,97,45.773891
-394.0,65,45.799928
-653.5,87,45.834857
-970.5,89,45.869888
-807.0,97,45.907855
-655.0,84,45.941875
-493.5,73,45.972877
-378.5,73,46.002857
-836.5,95,46.039888
-544.0,79,46.072881
-658.0,94,46.115896
-920.0,100,46.157854
-689.0,85,46.194858
-735.5,88,46.22986
-645.5,81,46.26289
-671.5,88,46.29789
-919.5,98,46.339915
-651.0,89,46.376858
-501.5,78,46.409856
-833.5,89,46.444869
-856.0,95,46.4829
-997.0,97,46.52089
-534.0,88,46.555892
-691.5,88,47.759892
-644.0,79,47.791877
-731.5,90,47.826853
-771.5,91,47.861888
-942.5,95,47.898874
-706.0,83,47.930888
-939.5,98,47.967886
-353.0,67,47.992881
-669.0,86,48.0269
-960.5,99,48.063863
-498.0,76,48.092854
-834.0,90,48.134855
-817.5,96,48.176913
54.5,34,48.189926
-738.5,87,48.222918
-657.5,86,48.256901
-1011.0,88,48.290872
-586.5,86,48.325872
-718.0,97,48.363929
-674.5,87,48.398872
-880.0,100,48.437875
-830.5,89,48.471889
-1026.5,98,48.511854
-712.5,91,48.547896
-986.5,99,49.700889
-420.0,74,49.729875
-879.5,98,49.766877
-855.5,94,49.802873
-915.0,94,49.8389
-587.5,85,49.872896
-676.0,92,49.909856
-727.0,87,49.943887
-565.5,81,49.975877
-458.0,77,50.006853
-164.0,51,50.026853
-647.0,83,50.060876
-941.5,94,50.09786
-208.5,61,50.123855
-518.5,75,50.154853
-880.5,93,50.190907
-480.0,74,50.219857
-955.0,95,50.255896
-1001.0,99,50.29486
-832.0,88,50.32889
-960.0,100,50.367857
-903.5,95,50.40291
-326.5,60,50.425853
-446.5,64,50.449872
-296.0,65,51.647855
-708.0,86,51.683857
-416.0,70,51.71089
38.5,33,51.723856
-818.0,98,51.762875
-371.5,66,51.788874
-732.5,90,51.825854
-573.0,88,51.871853
-665.5,84,51.910914
-309.5,62,51.936891
-165.5,59,51.96089
-203.5,54,51.981905
-468.5,75,52.011855
-671.5,88,52.045876
-893.0,90,52.08089
-939.0,99,52.117873
-647.0,86,52.149853
-441.0,76,52.177853
-827.0,98,52.215854
-557.5,74,52.243854
-641.0,79,52.274963
-795.5,95,52.312872
-860.5,99,52.350924
-977.0,97,52.387876
-565.5,81,52.417874
-939.5,97,53.591875
-320.5,70,53.620857
-610.0,87,53.65589
-682.5,80,53.685894
-784.5,82,53.717891
-486.0,74,53.746894
-1080.0,100,53.787858
-1034.0,94,53.826909
-231.5,57,53.84989
-422.5,75,53.878876
-228.5,62,53.902874
-873.5,93,53.938911
-940.0,100,53.976875
-848.5,100,54.013874
-650.0,89,54.046873
-877.5,90,54.079879
-937.0,97,54.114856
-880.0,100,54.151874
-137.0,47,54.168879
-920.0,100,54.205875
-689.5,87,54.237875
-225.0,58,54.259883
-506.0,79,54.289877
-880.5,93,54.327881
-333.0,68,54.353857
-624.5,82,55.484871
-750.0,87,55.5189
-900.0,100,55.556885
-906.5,99,55.593875
-606.0,83,55.624855
-417.5,70,55.650856
-976.0,96,55.687874
-481.0,72,55.716872
-897.0,97,55.753874
-601.0,72,55.780874
-754.5,93,55.814853
-567.0,84,55.845853
-819.0,99,55.880875
-157.5,47,55.897887
-749.0,89,55.930877
-605.5,84,55.961887
-525.0,80,55.99188
-898.0,98,56.028872
-605.5,83,56.059875
-898.5,97,56.094854
-672.5,87,56.126877
-855.0,95,56.166856
-204.5,55,56.190853
-624.5,79,56.222873
-1080.0,100,57.372883
-622.0,81,57.404884
-728.0,88,57.439953
-462.0,77,57.470897
-939.0,99,57.510855
-720.5,92,57.546854
-792.5,91,57.583855
-566.0,83,57.616945
-832.5,90,57.651888
-752.5,89,57.684855
-347.5,62,57.707855
-387.0,63,57.730874
-145.0,58,57.751874
-731.0,88,57.784855
-920.5,93,57.819855
-811.0,91,57.85386
-645.0,82,57.885856
-572.5,92,57.919892
-739.5,95,57.953891
-487.0,75,57.98194
-590.0,79,58.0109
-454.5,68,58.035877
-392.0,68,58.060878
-775.0,94,58.095876
-706.5,83,58.126854
-728.0,86,59.360872
-403.5,78,59.391889
-756.0,96,59.427874
-644.0,80,59.456874
-225.5,55,59.476873
-754.0,94,59.511873
-353.5,64,59.535887
-794.5,85,59.566878
-608.0,87,59.598875
-795.5,93,59.634855
-520.0,79,59.665876
-546.5,84,59.697942
-822.5,94,59.733901
-648.0,83,59.766856
-881.5,93,59.805853
-777.5,89,59.842524
-751.0,91,59.878724
-545.0,81,59.90972
-393.5,65,59.934722
-664.5,83,59.966765
-919.5,98,60.00472
-562.5,77,60.034809
-709.5,86,60.068763
-871.5,90,60.102741
-730.0,87,61.34374
-842.0,94,61.381835
-644.5,80,61.41174
-605.5,81,61.441719
-815.0,91,61.475742
-410.5,68,61.503721
-779.5,92,61.562746
-684.5,82,61.596739
-774.0,94,61.631745
-691.0,82,61.662739
-714.0,93,61.69674
-904.0,95,61.731739
-374.0,70,61.758742
-780.5,93,61.792742
-880.0,100,61.829747
-816.0,88,61.863743
-584.5,79,61.892744
-541.0,78,61.922719
-803.5,96,61.95872
-457.0,71,61.98772
-879.0,99,62.030719
-578.0,86,62.069719
-270.5,67,62.098719
-623.0,75,62.148721
-565.0,79,62.192719
15.0,34,63.428745
-519.0,75,63.45672
-626.5,81,63.500738
-496.5,70,63.529719
-666.5,81,63.564741
-567.0,82,63.597739
-836.5,94,63.636742
-944.0,94,63.675745
-777.0,87,63.710738
-645.5,81,63.741739
-462.0,75,63.770739
-223.5,51,63.790719
-898.5,98,63.82874
-610.0,85,63.862751
-451.5,61,63.885758
-834.5,94,63.921754
-477.0,72,63.948719
-814.0,93,63.98372
-898.0,98,64.019739
-830.0,88,64.05274
-994.5,93,64.088719
-506.0,74,64.115719
-13.5,41,64.13074
-392.0,69,64.155756
-686.0,84,64.186756
-593.5,86,64.217737
-834.5,92,65.462758
-409.0,64,65.488811
-73.0,47,65.506792
-919.0,99,65.544718
-880.0,100,65.583738
-887.5,100,65.622719
-329.5,60,65.645758
-791.0,91,65.681748
-73.5,41,65.69774
-843.5,96,65.734722
-671.0,86,65.767736
-272.5,67,65.793719
-285.5,60,65.815719
-775.0,93,65.85174
-649.5,88,65.885737
-415.0,71,65.913741
-811.5,89,65.94872
-834.5,94,65.985809
-631.5,85,66.019752
-576.5,89,66.052754
-704.0,84,66.085756
-789.0,86,66.117754
-774.5,92,66.151755
-597.0,94,66.18574
-961.5,100,66.22572
-191.5,44,67.397738
-560.5,77,67.426766
-812.5,88,67.460754
-663.0,74,67.488769
-315.0,70,67.514719
-266.5,61,67.537722
-58.0,50,67.556754
-305.0,56,67.578764
-768.0,88,67.613761
-668.0,84,67.645756
-976.5,95,67.682772
-796.0,94,67.718764
-814.5,86,67.751744
-775.5,95,67.786744
-902.0,94,67.821737
-545.0,76,67.849719
-1000.0,100,67.885743
-591.5,86,67.916718
-733.0,93,67.951754
-567.0,82,67.981739
-879.5,90,68.015721
-250.0,59,68.036754
-609.5,83,68.067748
-786.0,96,68.102737
-307.5,64,68.126757
-524.0,81,69.360737
-647.5,86,69.393785
-272.0,67,69.418772
-528.0,81,69.448738
-710.0,82,69.478741
-681.0,79,69.508743
-979.0,99,69.544719
-920.0,100,69.582738
-395.0,69,69.60974
-817.0,97,69.646743
-629.0,82,69.68974
-724.5,82,69.733818
-873.5,92,69.771756
-631.5,90,69.808718
-917.5,96,69.846765
-98.5,49,69.865721
-587.5,83,69.898765
-563.5,73,69.92678
-633.5,83,69.957759
-1100.0,96,69.99274
-798.0,96,70.026754
-650.0,87,70.05874
-919.0,97,70.093745
-940.0,100,70.13074
-872.0,89,71.326737
-936.5,94,71.362765
-1040.0,100,71.400753
-441.0,73,71.426718
-1020.0,100,71.46472
-419.5,74,71.49472
-816.5,95,71.531744
-1002.0,93,71.568739
-600.5,79,71.59974
-960.0,100,71.638768
-895.0,92,71.673755
-760.0,100,71.70974
-289.5,61,71.732743
-751.0,84,71.76472
-526.0,83,71.796741
-966.5,99,71.834762
-666.5,84,71.865739
-434.0,70,71.891719
-816.0,93,71.926744
-265.0,55,71.947755
-160.5,53,71.968756
-357.0,67,71.99376
-879.5,92,72.029753
-835.5,87,72.063718
-833.5,85,72.096721
-585.0,82,73.339719
-715.0,91,73.375719
-371.5,69,73.40274
-855.0,95,73.440741
-898.0,98,73.48072
-373.0,60,73.504737
-443.0,77,73.533719
-750.5,90,73.568719
-917.5,89,73.602741
-879.5,98,73.640719
-459.5,69,73.667739
-730.5,89,73.703721
-948.5,100,73.74274
-439.0,72,73.772743
-758.5,97,73.81372
-228.5,61,73.839738
-831.5,90,73.874719
-980.0,100,73.91572
-617.5,90,73.949757
-879.0,99,73.986742
-961.5,100,74.024722
-814.0,93,74.061756
-899.0,99,74.101748
-627.5,84,75.254727
-794.0,91,75.289757
-779.0,97,75.325739
-219.0,54,75.346719
-775.0,92,75.38172
-1017.0,96,75.416719
-517.5,73,75.44375
-418.5,75,75.472741
-183.5,53,75.491719
-651.0,85,75.523739
-669.0,84,75.55674
-770.5,88,75.590777
-280.0,70,75.616759
-672.0,91,75.650738
-678.5,75,75.679755
-771.0,88,75.71374
-833.0,89,75.748719
-732.5,91,75.783718
-313.0,64,75.808737
-730.5,89,75.844738
-394.5,67,75.870737
-999.0,99,75.910821
-817.5,96,75.949822
-958.0,98,75.987724
-499.0,76,76.016808
-694.5,90,77.205761
-726.0,79,77.235744
-789.0,86,77.267747
-920.0,91,77.303746
-795.0,87,77.337739
-935.5,94,77.374737
-99.0,51,77.394748
-143.5,56,77.416783
-511.0,69,77.441754
-706.5,86,77.473755
-671.0,91,77.506795
-940.0,100,77.544752
-977.5,97,77.580752
-499.5,76,77.610737
-683.0,83,77.642765
-612.5,91,77.676757
-349.5,61,77.699744
-730.0,90,77.732744
-36.5,43,77.748739
-559.5,79,77.77772
-712.5,91,77.811747
-159.0,46,77.828752
-683.5,82,77.859746
-476.0,73,77.88672
-836.0,95,77.925754
-905.5,97,79.108737
-373.5,66,79.133739
-1017.5,96,79.171754
-914.0,93,79.207721
-566.0,83,79.239721
-878.0,98,79.277746
-456.0,71,79.305721
-918.0,98,79.34374
-794.0,93,79.379719
-853.0,93,79.416741
-939.0,99,79.458739
-872.5,92,79.496755
-757.5,96,79.535748
-857.5,96,79.573799
-247.0,57,79.595759
-423.5,72,79.623719
-481.5,79,79.654813
-837.0,97,79.692756
-343.5,59,79.715757
-870.0,88,79.749758
-794.5,93,79.786752
-480.0,77,79.816756
-241.5,54,79.837757
-647.5,83,79.86781
-890.5,89,79.902741
-628.0,79,81.104762
-417.0,70,81.132755
-584.5,74,81.159745
-813.5,90,81.194723
-399.5,76,81.224739
-874.5,91,81.262739
-838.0,98,81.30274
-281.0,51,81.322737
-815.5,93,81.358722
-905.0,95,81.395745
-102.5,54,81.415719
-601.5,77,81.445743
-916.0,96,81.480743
-753.0,92,81.514718
-642.0,80,81.544719
-758.0,90,81.579759
-967.5,100,81.615754
-1199.5,98,81.65274
-795.5,84,81.685723
-627.0,87,81.718758
-335.5,63,81.742781
-842.0,94,81.776742
-854.5,93,81.81172
-1015.0,94,81.84674
-984.5,97,83.075718
-624.5,80,83.10972
-895.0,94,83.148743
-1080.0,100,83.189742
-771.0,90,83.226744
-861.5,100,83.264737
-751.5,90,83.29972
-1019.5,98,83.339782
-852.0,89,83.375728
-461.0,73,83.404754
-984.5,97,83.442742
-560.5,80,83.473741
-400.0,71,83.501767
-769.5,86,83.534779
-1017.0,96,83.570758
-210.5,63,83.595758
-936.0,96,83.630818
-838.0,89,83.66274
-423.5,74,83.691765
-543.5,78,83.721738
-228.5,57,83.74274
-78.5,49,83.760744
-936.0,96,83.79772
-978.0,98,83.835742
-953.0,92,85.000737
-610.5,81,85.032765
-627.0,78,85.062719
-776.0,87,85.103749
-1020.0,100,85.14382
-858.5,97,85.179745
-671.5,90,85.212742
-558.5,75,85.240739
-398.0,71,85.266719
-302.5,54,85.28674
-374.0,67,85.312719
-375.0,65,85.337739
-845.5,98,85.375719
-854.5,92,85.411721
-688.0,85,85.44575
-481.0,77,85.474719
-592.0,83,85.505741
-938.5,98,85.543719
-1097.0,97,85.580743
-769.0,87,85.612739
-1018.0,98,85.647746
-599.0,74,85.675743
-731.5,88,85.70774
-878.0,98,85.743746
-441.5,74,85.769719
-646.5,83,87.120723
-82.0,55,87.144724
-482.5,77,87.191741
-915.5,94,87.260719
-816.5,93,87.305741
-558.0,76,87.340761
-87.5,36,87.356759
-137.0,49,87.377723
-601.5,77,87.410758
-779.0,96,87.451762
-979.0,99,87.490782
-879.0,99,87.529731
-916.5,92,87.564739
-82.5,54,87.585758
-816.5,95,87.622741
-525.0,75,87.65172
-441.0,74,87.679757
-688.5,85,87.710737
-498.0,75,87.73874
-501.0,79,87.767721
-501.5,75,87.794719
-925.5,98,87.831742
-623.5,80,87.862743
-914.0,94,87.898754
-645.5,84,87.930738
-409.5,67,89.290741
-814.5,86,89.33074
-331.0,62,89.35774
-794.0,92,89.395723
-998.0,97,89.435743
-433.0,63,89.463748
-707.0,85,89.498738
-676.0,93,89.535747
-713.0,90,89.568739
-977.0,96,89.604753
-910.0,88,89.637757
-773.5,87,89.670754
-417.5,72,89.696719
-897.0,97,89.733743
-723.5,95,89.770738
-1067.5,100,89.812731
-708.0,86,89.845851
-1080.0,100,89.884718
-792.0,92,89.918758
-521.5,73,89.945744
-206.5,63,89.969718
-815.0,95,90.005759
-793.5,89,90.040755
-268.5,59,90.062754
-580.0,73,90.08974
-773.5,85,91.396757
-619.5,77,91.427748
-142.5,55,91.450742
-690.5,88,91.486722
-775.5,86,91.519742
-875.5,94,91.554721
-837.5,93,91.590736
-374.5,69,91.616741
-516.0,73,91.646722
-860.0,92,91.681737
-372.0,65,91.706751
-1085.5,97,91.745757
-895.0,95,91.782759
-396.5,71,91.809801
-389.0,66,91.834735
-775.0,95,91.869737
-817.5,96,91.904722
-896.0,95,91.940737
-717.5,96,91.975718
-877.0,95,92.010738
-834.0,94,92.045744
-398.5,70,92.071722
-393.0,70,92.097737
-747.0,85,92.129719
-714.5,93,93.29374
-878.5,97,93.331758
-480.5,75,93.360744
-999.0,99,93.398773
-987.5,100,93.438719
-980.5,99,93.476738
-391.5,67,93.501737
-954.5,93,93.53774
-815.5,94,93.573784
-821.5,94,93.609745
-799.5,92,93.64577
-581.0,75,93.674782
-786.5,85,93.706755
-331.0,68,93.73274
-717.5,87,93.765756
-438.0,68,93.790737
-390.0,63,93.81374
-49.5,41,93.82974
-898.0,98,93.865719
-772.5,91,93.898738
-353.0,67,93.923739
-384.0,76,93.951757
-797.5,89,93.985744
-712.0,90,94.019812
-959.0,99,95.222739
-879.0,99,95.263749
-897.5,96,95.304719
-916.5,95,95.342738
-818.0,87,95.377721
-441.0,76,95.40772
-605.0,83,95.439746
-957.0,97,95.478738
-895.5,94,95.514719
-729.0,84,95.54774
-827.5,87,95.580758
-897.0,97,95.617754
-651.5,83,95.648748
-551.0,82,95.67772
-756.0,93,95.712752
-818.5,97,95.74976
-899.0,99,95.788776
-731.5,89,95.822755
-955.0,95,95.859774
-206.0,59,95.881756
-455.0,73,95.908741
-631.5,89,95.941737
-916.5,95,95.975748
-338.5,72,96.001737
-893.0,92,97.254762
-985.5,97,97.293741
-496.5,71,97.323756
-816.5,96,97.362739
-854.5,92,97.397756
-286.0,58,97.423757
-734.0,92,97.460721
-824.5,97,97.498741
-653.5,84,97.531719
-352.0,64,97.556741
-918.0,98,97.59672
-498.0,71,97.625738
-371.0,66,97.651745
-622.0,76,97.680743
-732.0,90,97.715741
-646.5,85,97.748744
-857.0,97,97.785719
-914.5,94,97.82272
-905.5,98,97.86272
-41.0,49,97.881745
-609.5,86,97.954721
-482.5,79,97.986721
-415.0,68,98.01674
-423.0,76,98.04772
-880.0,100,99.285738
-461.5,78,99.315756
-455.5,72,99.345759
-628.0,85,99.378785
-879.5,98,99.416741
-773.5,93,99.452741
-1100.0,100,99.489738
-758.0,98,99.525744
-687.0,83,99.557721
-920.0,100,99.596739
-825.5,97,99.633754
-999.0,99,99.671792
-779.5,99,99.709774
-575.5,72,99.737737
-499.0,71,99.764721
-112.5,49,99.78274
-702.0,92,99.816739
-817.0,95,99.850739
-900.0,100,99.887748
-831.0,90,99.921739
-895.0,95,99.956743
-900.5,99,99.992743
-880.0,100,100.029739
-832.5,91,101.220745
-879.0,96,101.257722
-109.0,36,101.270755
-771.0,88,101.304734
-689.0,88,101.33674
-795.0,95,101.371748
-500.0,76,101.399747
-663.5,96,101.43472
-623.5,80,101.465752
-781.0,92,101.500742
-137.5,49,101.51872
-985.5,97,101.556742
-274.0,64,101.58272
-517.0,68,101.608742
-775.0,95,101.64674
-788.5,86,101.683721
-793.0,92,101.734736
-538.0,75,101.765721
-365.5,61,101.793739
-905.5,98,101.835742
-706.5,85,101.873741
-899.0,99,101.91572
-696.5,89,101.953741
-436.5,69,101.982721
-181.5,52,102.003742
-1120.0,100,102.043746
-763.0,94,103.406813
-685.0,81,103.438763
-422.5,76,103.466753
-501.5,75,103.495719
-590.5,89,103.52974
-354.0,68,103.555719
-940.5,93,103.59174
-321.5,61,103.615721
-876.5,94,103.652743
-771.0,89,103.687721
-875.0,95,103.72574
-844.0,95,103.764721
-899.0,99,103.80374
-171.5,59,103.82772
-881.5,93,103.865719
-605.0,83,103.897738
-674.5,87,103.93172
-795.0,95,103.967821
-841.5,94,104.003757
-500.5,74,104.031747
-499.5,77,104.060721
-359.0,72,104.088743
-357.0,72,104.11774
-918.5,97,104.157719
-590.0,90,105.389738
-755.5,94,105.426739
-935.0,95,105.464723
-1006.5,99,105.504719
-566.5,83,105.539742
-881.5,100,105.582735
-392.0,63,105.608743
-155.0,44,105.626737
-646.5,82,105.658758
-641.0,78,105.689747
-834.5,90,105.728747
-500.0,76,105.758844
-920.5,99,105.79878
-791.5,90,105.834746
-734.0,92,105.888722
-816.0,96,105.93274
-899.0,99,105.972816
-730.5,89,106.006758
-248.5,63,106.030762
-608.5,88,106.063745
-693.0,91,106.096738
-403.0,75,106.123739
-772.5,91,106.157741
-820.5,93,106.193741
-734.5,93,107.552719
-353.0,62,107.577752
-610.0,88,107.613757
-313.5,67,107.639756
-763.0,94,107.677732
-648.0,85,107.711722
-793.0,89,107.748718
-895.5,95,107.788722
-296.5,70,107.815722
-523.0,79,107.848755
-895.5,94,107.88672
-540.0,71,107.91672
-314.5,63,107.94074
-603.0,81,107.971756
-420.0,76,108.001755
-667.0,81,108.032791
-798.0,98,108.071756
-357.5,67,108.096813
-697.5,90,108.131755
-570.5,89,108.164721
-548.0,85,108.198741
-873.0,92,108.233754
-880.0,100,108.284727
-898.0,98,108.326758
-499.0,75,108.356753
-752.0,88,109.614758
-1008.5,100,109.65472
-921.5,94,109.690719
-754.5,93,109.727721
-563.0,77,109.756737
-551.5,88,109.790754
7.5,44,109.806741
-860.0,100,109.845777
-478.0,77,109.875755
-548.0,81,109.907722
-754.5,92,109.945765
-637.5,93,109.980742
-484.5,80,110.010719
-629.5,86,110.042741
-886.5,99,110.079745
-1040.5,99,110.118738
50.0,16,110.125721
-202.5,56,110.146738
-94.5,44,110.163753
-874.0,93,110.199754
-440.5,72,110.227719
-669.5,88,110.261739
-1018.5,97,110.297745
-84.0,53,110.317719
-850.0,90,110.351738
-775.0,92,111.556739
-733.5,93,111.592754
-207.0,56,111.614723
-138.0,52,111.635747
-439.5,73,111.664721
-917.0,97,111.70274
-844.5,84,111.734718
-727.5,84,111.76772
-522.5,79,111.797719
-778.0,98,111.833755
-547.5,77,111.86272
-443.5,78,111.892785
-895.0,95,111.929719
-520.0,78,111.96072
-474.5,71,111.98972
-433.0,67,112.015719
-123.0,54,112.036742
-669.0,88,112.074722
-774.0,94,112.110725
-703.0,82,112.143764
-580.5,75,112.172787
-253.5,70,112.199719
-926.5,99,112.241719
-860.5,93,112.27772
-940.0,100,112.316743
-875.5,94,113.571739
-738.0,90,113.606756
-503.5,82,113.638737
-882.5,95,113.675747
-213.5,70,113.701719
-526.5,84,113.73472
-717.5,95,113.77074
-743.5,83,113.802741
-614.0,83,113.834719
-852.5,91,113.870738
-340.5,70,113.897738
-937.0,97,113.935719
-797.5,94,113.971754
-878.0,98,114.008737
-875.0,94,114.04274
-734.0,94,114.07872
-361.0,55,114.100719
-869.5,88,114.13374
-439.5,75,114.161721
-542.0,76,114.19072
-507.5,78,114.21974
-917.0,97,114.25774
-667.0,87,114.291773
-864.5,97,114.328768
-980.5,99,115.507758
-783.5,96,115.546743
-524.5,74,115.574718
-874.5,94,115.61074
-683.0,81,115.639739
-464.5,81,115.669739
-582.0,79,115.69874
-348.0,62,115.722742
-854.0,94,115.757737
-162.5,58,115.779719
-921.5,94,115.814718
-615.5,94,115.848737
-445.5,59,115.870743
-630.5,82,115.901754
-622.5,80,115.930737
-886.5,84,115.961719
-956.0,96,115.998806
39.5,32,116.010789
-979.0,99,116.049719
-806.5,86,116.081739
-375.5,73,116.108752
-978.0,98,116.144719
-459.0,73,116.171745
-589.5,85,116.20372
-582.0,80,116.233742
-738.5,90,117.459739
-961.5,100,117.500757
-221.5,54,117.522793
-874.5,94,117.558759
-963.0,95,117.594792
-417.0,65,117.618763
-683.5,96,117.655719
-229.5,60,117.677738
-1045.5,98,117.713741
-875.5,94,117.748743
-195.5,52,117.76772
-112.0,43,117.783719
-607.5,84,117.81472
-998.0,98,117.850739
-979.0,96,117.885754
-788.0,85,117.917737
-474.5,69,117.94374
-698.5,91,117.976741
-298.0,75,118.005741
-684.0,84,118.037738
-815.0,95,118.073757
-753.0,92,118.108837
-439.0,77,118.137807
-501.0,75,118.16572
-548.0,84,118.19674
-749.5,87,119.380741
-724.0,82,119.415755
-876.5,93,119.45172
-625.5,85,119.482752
-858.5,93,119.517738
-522.5,73,119.54472
-710.5,89,119.577738
-756.0,93,119.612745
-565.5,78,119.641737
-957.5,93,119.678754
-868.5,88,119.712754
-897.0,96,119.749783
-605.5,81,119.77872
-548.5,85,119.810719
-440.0,77,119.83972
-227.0,58,119.86074
-368.5,65,119.885747
-1071.0,91,119.920779
-838.0,98,119.95672
-748.5,88,119.989738
-500.5,77,120.018739
-857.0,97,120.056742
-309.0,62,120.082737
-669.5,82,120.11574
-495.0,71,120.143739
-732.0,91,121.343767
-898.5,97,121.381787
-780.0,92,121.417719
-1018.0,98,121.456741
-327.5,62,121.479824
-666.0,84,121.511722
-919.0,99,121.548755
-774.0,93,121.582757
-977.5,97,121.618737
-254.0,67,121.642738
-894.5,93,121.676741
-781.0,92,121.710744
-664.5,84,121.741753
-854.5,94,121.777721
-857.0,97,121.816719
-181.0,56,121.838762
-652.0,86,121.87276
-713.5,89,121.905796
-1027.5,99,121.943721
-607.5,87,121.976741
-856.5,96,122.01174
-457.5,73,122.038741
-816.0,94,122.07374
-501.0,74,123.233739
-584.5,78,123.265771
-710.0,86,123.29872
-854.0,92,123.33374
-958.0,98,123.371747
-936.5,95,123.407745
-961.5,100,123.444721
-755.0,92,123.478737
-900.0,96,123.51472
-894.0,94,123.550741
-913.0,93,123.58472
-292.5,65,123.60874
-148.0,57,123.630744
-997.0,97,123.668753
-706.0,86,123.701739
-665.0,84,123.734742
-943.5,95,123.770755
-688.5,88,123.804719
-747.0,81,123.833764
-791.0,88,123.866738
-528.5,76,123.894718
-438.0,70,123.92074
-285.5,60,123.94274
-231.5,60,123.96572
-535.5,72,123.993719
-626.0,80,125.190737
-836.0,95,125.227722
-792.0,90,125.261724
-824.0,96,125.297745
-955.5,94,125.334719
-979.0,89,125.369751
-942.5,95,125.408718
-313.0,64,125.433719
-960.0,100,125.472719
-613.0,84,125.504751
-457.5,74,125.533754
-648.0,84,125.564718
-564.0,72,125.591754
-223.5,52,125.610719
-157.0,48,125.62872
-858.0,98,125.666718
-735.5,94,125.702738
-665.0,76,125.731749
-523.0,77,125.76072
-697.0,87,125.792743
-978.0,96,125.82872
-252.5,62,125.85172
-663.0,80,125.882743
-876.5,95,125.918718
-687.5,87,125.952741
-1012.5,92,127.22172
-814.0,91,127.260721
-377.5,65,127.287738
-629.5,84,127.322737
-814.0,93,127.358719
-469.5,65,127.383739
-951.0,91,127.419753
-872.0,89,127.454739
-877.0,89,127.489718
-10.0,37,127.503739
-960.0,100,127.542761
-862.5,94,127.579722
-403.0,75,127.610722
-558.5,73,127.63872
-896.0,93,127.69472
-972.5,92,127.733757
-729.0,89,127.769722
-751.0,86,127.803775
-629.0,86,127.838739
-956.0,96,127.887739
-537.5,75,127.923738
-743.5,81,127.957721
-395.0,67,127.986737
-1016.0,96,128.027721
-269.0,65,129.227739
-672.0,92,129.264804
-29.5,38,129.27879
-537.0,72,129.305741
-539.0,78,129.335738
-518.5,73,129.364778
-933.5,91,129.399742
-503.0,77,129.429738
-287.5,63,129.454722
-916.0,96,129.49176
-765.0,84,129.523761
-838.5,97,129.55874
-703.5,81,129.588738
-626.5,78,129.617745
-433.5,64,129.64074
-356.0,68,129.667721
-923.0,94,129.70274
-726.5,77,129.730739
-584.5,83,129.761719
-635.0,86,129.794719
-1024.5,96,129.83072
-377.0,72,129.85774
-672.0,88,129.889719
-851.0,91,129.922737
-521.0,76,129.950741
-537.5,71,129.976742
-351.5,66,131.19674
-481.5,71,131.224721
-725.0,81,131.257738
-832.0,88,131.291744
-873.5,93,131.328719
-624.0,74,131.363719
-857.0,97,131.40476
-874.0,94,131.442758
-611.5,82,131.475719
-438.5,77,131.505719
-21.0,47,131.524719
-564.0,76,131.556749
-478.0,74,131.589741
-898.0,93,131.629721
-1040.0,100,131.672747
-773.0,90,131.713721
-833.0,93,131.753747
-515.0,68,131.78174
-960.0,100,131.828741
-749.5,82,131.864742
-258.5,53,131.887738
-709.5,89,131.92772
-604.5,83,131.962742
-773.0,90,131.998749
-1007.0,98,132.03972
-566.5,77,133.26772
-879.0,99,133.308743
-518.0,74,133.339741
-399.0,73,133.369757
-751.5,89,133.405719
-1040.5,99,133.44372
-859.0,98,133.48174
-660.5,77,133.50974
-1058.0,98,133.54672
-366.0,64,133.570753
-838.5,96,133.605721
-855.0,95,133.640743
-249.5,63,133.66472
-266.0,61,133.703743
-1038.0,95,133.743722
-912.0,90,133.780719
-851.0,87,133.816741
-610.5,65,133.84472
-417.0,75,133.874742
-899.5,91,133.910718
-644.0,76,133.940737
-289.5,62,133.964745
-706.0,86,133.99876
-874.0,92,134.032722
-998.0,98,134.069741
-710.5,85,135.230761
-913.5,93,135.266721
-244.5,57,135.291722
-645.5,78,135.333723
-654.5,90,135.373719
-731.0,88,135.410723
-894.5,92,135.44972
-1100.0,100,135.490739
-773.0,93,135.528755
-148.0,39,135.54372
-663.0,80,135.576741
-830.5,89,135.610719
-811.0,90,135.64674
-980.0,92,135.682739
-374.5,65,135.707738
-902.5,95,135.74472
-416.0,71,135.771719
-813.0,92,135.805718
-469.5,86,135.837719
-629.5,85,135.868742
-581.5,80,135.899746
-422.0,74,135.927721
-1124.5,97,135.96572
-897.0,97,136.021736
-411.5,62,137.339738
-459.0,71,137.369757
-795.0,91,137.404718
-980.0,100,137.442851
-775.0,95,137.479758
-811.0,88,137.513755
-481.5,80,137.54472
-573.5,71,137.5718
-723.0,82,137.603832
-984.5,97,137.641738
-932.0,92,137.677722
-794.0,84,137.709737
-583.0,82,137.740737
-919.0,99,137.779746
-775.0,95,137.816758
-795.0,86,137.849755
-979.0,99,137.887753
-973.5,92,137.921741
-974.0,94,137.95674
-898.0,98,137.994719
-1059.0,99,138.03372
-361.5,70,138.059752
-670.0,85,138.09274
-796.5,87,138.128718
-710.5,86,139.365536
-1017.0,96,139.404552
-536.5,72,139.43553
-843.5,96,139.475533
-1164.5,97,139.514529
-936.0,96,139.554679
-415.0,70,139.58353
-397.0,65,139.609548
-729.0,88,139.646549
-1011.0,91,139.685551
-773.0,84,139.719553
-854.5,90,139.755623
-1096.0,94,139.792569
-375.5,69,139.821552
-495.5,71,139.849569
-1077.0,97,139.888563
-960.0,100,139.935549
-480.5,77,139.970553
-1167.5,100,140.01059
-589.5,80,140.043564
-433.0,70,140.070566
-854.0,94,140.108564
-974.5,93,140.147564
